system ok
echo 114514 > __TEST_DIR__/test.txt

query T
select read("__TEST_DIR__/test.txt")
----
114514

system ok
echo 1919810 > __TEST_DIR__/test.txt

query T
select read("__TEST_DIR__/test.txt")
----
1919810
